{
    "A549": {
        "diff_mean": 0.0008334433183062264,
        "diff_max": 0.6228822045491853,
        "mass_mean": 2.4873332540819053,
        "mass_max": 3.1578341690077023
    },
    "BxPC3": {
        "diff_mean": -0.018061801529995068,
        "diff_max": 1.1387376848843251,
        "mass_mean": 2.460057121047108,
        "mass_max": 3.6106485600931095
    },
    "Colo320": {
        "diff_mean": -0.008980528626813245,
        "diff_max": 1.908781735593514,
        "mass_mean": 2.475350768495664,
        "mass_max": 3.9056891314656417
    },
    "H23": {
        "diff_mean": 0.022500501476724923,
        "diff_max": 1.4043852154576189,
        "mass_mean": 2.512553474080952,
        "mass_max": 3.611736670096069
    },
    "K562": {
        "diff_mean": -0.005409568370064907,
        "diff_max": 0.962467051189301,
        "mass_mean": 2.4849574437325774,
        "mass_max": 3.381329082713279
    },
    "MCF7": {
        "diff_mean": 0.02020747946425524,
        "diff_max": 1.4033151106926995,
        "mass_mean": 2.4989885890121615,
        "mass_max": 3.511611744039682
    },
    "MP2": {
        "diff_mean": 0.0010887337539442865,
        "diff_max": 1.0790641651403536,
        "mass_mean": 2.487805570233952,
        "mass_max": 3.4157082513037764
    },
    "PC3": {
        "diff_mean": -0.005618296152511857,
        "diff_max": 1.1316009404855611,
        "mass_mean": 2.4820104741331934,
        "mass_max": 3.569313145167119
    },
    "c10_Rep1": {
        "diff_mean": 0.017751713529977613,
        "diff_max": 1.8052662010303344,
        "mass_mean": 2.51022368433794,
        "mass_max": 3.926421146948999
    },
    "c13_Rep1": {
        "diff_mean": 0.007607224029287231,
        "diff_max": 0.7991480428696336,
        "mass_mean": 2.49669990485846,
        "mass_max": 3.2490110348633947
    },
    "c13_Rep2": {
        "diff_mean": 0.007947225042131783,
        "diff_max": 0.9747974918742436,
        "mass_mean": 2.4976773232506972,
        "mass_max": 3.3105480527530893
    },
    "c17_Rep1": {
        "diff_mean": 0.006607285719425868,
        "diff_max": 0.915497041600013,
        "mass_mean": 2.4976816264036676,
        "mass_max": 3.737420352679528
    },
    "c17_Rep2": {
        "diff_mean": 0.007449372868130342,
        "diff_max": 0.8478920765480864,
        "mass_mean": 2.498712728696487,
        "mass_max": 3.690099657620261
    },
    "c1_Rep1": {
        "diff_mean": -0.10945591596634865,
        "diff_max": 0.9792833464632544,
        "mass_mean": 2.3605738123673006,
        "mass_max": 3.55530210834434
    },
    "c2_Rep1": {
        "diff_mean": -0.010614428930515656,
        "diff_max": 0.9308745827584736,
        "mass_mean": 2.4776415481287697,
        "mass_max": 3.521053511562687
    },
    "c2_Rep2": {
        "diff_mean": -0.008044009037301394,
        "diff_max": 0.9280182174408158,
        "mass_mean": 2.4811663352805824,
        "mass_max": 3.532246654028268
    },
    "c4_Rep1": {
        "diff_mean": 0.009010150745608172,
        "diff_max": 0.9078080020409997,
        "mass_mean": 2.5002013929522997,
        "mass_max": 3.4881053349213764
    },
    "c4_Rep2": {
        "diff_mean": 0.03699121535907437,
        "diff_max": 1.0361434640659537,
        "mass_mean": 2.521187781070271,
        "mass_max": 3.698971437199446
    },
    "c6_Rep1": {
        "diff_mean": -0.0030339598539409983,
        "diff_max": 0.810913962676449,
        "mass_mean": 2.486425316889911,
        "mass_max": 3.555921504921036
    },
    "c6_Rep2": {
        "diff_mean": 0.007554620625597287,
        "diff_max": 0.9533994034955362,
        "mass_mean": 2.4973472628842353,
        "mass_max": 3.714770991352996
    }
}