{
    "A549": {
        "diff_mean": -0.009651077911257744,
        "diff_max": 0.24142687022686005,
        "mass_mean": 2.498504638671875,
        "mass_max": 2.6929562091827393
    },
    "Colo320": {
        "diff_mean": -0.018634658306837082,
        "diff_max": 0.43923795223236084,
        "mass_mean": 2.49367356300354,
        "mass_max": 2.61997389793396
    },
    "H23": {
        "diff_mean": 0.0031302208080887794,
        "diff_max": 0.25872093439102173,
        "mass_mean": 2.515174150466919,
        "mass_max": 2.71842885017395
    },
    "H9-Rep1": {
        "diff_mean": -0.009396437555551529,
        "diff_max": 0.3446357846260071,
        "mass_mean": 2.500014066696167,
        "mass_max": 2.6174635887145996
    },
    "H9-Rep2": {
        "diff_mean": -0.00943803135305643,
        "diff_max": 0.34305059909820557,
        "mass_mean": 2.5008113384246826,
        "mass_max": 2.6159791946411133
    },
    "HCT116": {
        "diff_mean": -0.00295746186748147,
        "diff_max": 0.19388535618782043,
        "mass_mean": 2.507018566131592,
        "mass_max": 2.7601213455200195
    },
    "K562": {
        "diff_mean": 0.008651454001665115,
        "diff_max": 0.3430125117301941,
        "mass_mean": 2.5347883701324463,
        "mass_max": 3.2806551456451416
    },
    "MCF7": {
        "diff_mean": 0.01570368930697441,
        "diff_max": 0.1309378445148468,
        "mass_mean": 2.5331099033355713,
        "mass_max": 2.920670509338379
    },
    "MP2": {
        "diff_mean": 0.0007802104810252786,
        "diff_max": 0.20904020965099335,
        "mass_mean": 2.5093257427215576,
        "mass_max": 2.7530012130737305
    },
    "PC3": {
        "diff_mean": -0.03100133128464222,
        "diff_max": 0.15216776728630066,
        "mass_mean": 2.479788064956665,
        "mass_max": 3.069279670715332
    },
    "c17_Rep1": {
        "diff_mean": -0.0016102143563330173,
        "diff_max": 0.4150369167327881,
        "mass_mean": 2.5146324634552,
        "mass_max": 3.2852699756622314
    },
    "c17_Rep2": {
        "diff_mean": 0.014240460470318794,
        "diff_max": 0.3936816453933716,
        "mass_mean": 2.528712034225464,
        "mass_max": 3.275559902191162
    },
    "c1_Rep1": {
        "diff_mean": 0.002674167975783348,
        "diff_max": 0.11142867803573608,
        "mass_mean": 2.5102038383483887,
        "mass_max": 2.9200901985168457
    },
    "c1_Rep2": {
        "diff_mean": 0.008059750311076641,
        "diff_max": 0.1823091208934784,
        "mass_mean": 2.5139644145965576,
        "mass_max": 3.0007131099700928
    },
    "c2_Rep1": {
        "diff_mean": -0.016833379864692688,
        "diff_max": 0.1360110491514206,
        "mass_mean": 2.4868345260620117,
        "mass_max": 2.765455722808838
    },
    "c2_Rep2": {
        "diff_mean": -0.022197440266609192,
        "diff_max": 0.14838199317455292,
        "mass_mean": 2.48427152633667,
        "mass_max": 2.7661550045013428
    },
    "c4_Rep1": {
        "diff_mean": -0.0012211095308884978,
        "diff_max": 0.13987207412719727,
        "mass_mean": 2.5113234519958496,
        "mass_max": 3.072265863418579
    },
    "c4_Rep2": {
        "diff_mean": 0.0002548071788623929,
        "diff_max": 0.13542120158672333,
        "mass_mean": 2.511821985244751,
        "mass_max": 3.060826539993286
    },
    "c6_Rep1": {
        "diff_mean": 0.023222489282488823,
        "diff_max": 0.25654590129852295,
        "mass_mean": 2.5406603813171387,
        "mass_max": 3.232769727706909
    },
    "c6_Rep2": {
        "diff_mean": 0.02443634532392025,
        "diff_max": 0.2327612191438675,
        "mass_mean": 2.5405027866363525,
        "mass_max": 3.189462184906006
    }
}