{
    "A549": {
        "diff_mean": -0.009412007194590087,
        "diff_max": 0.4327701178699397,
        "mass_mean": 2.496309913860231,
        "mass_max": 2.8736803128148867
    },
    "Colo320": {
        "diff_mean": -0.022699739854252967,
        "diff_max": 0.6675235475812367,
        "mass_mean": 2.4931483580552234,
        "mass_max": 2.983400331959225
    },
    "H23": {
        "diff_mean": 0.004844409466779543,
        "diff_max": 0.7046270798664769,
        "mass_mean": 2.5134359801285866,
        "mass_max": 3.5340436692380788
    },
    "H9-Rep1": {
        "diff_mean": -0.008663239473792729,
        "diff_max": 0.597391602540412,
        "mass_mean": 2.4983591516206327,
        "mass_max": 2.76474310966006
    },
    "H9-Rep2": {
        "diff_mean": -0.007708625540758654,
        "diff_max": 0.4722744328501482,
        "mass_mean": 2.4993665744834086,
        "mass_max": 2.758636355781728
    },
    "HCT116": {
        "diff_mean": -0.002261212631180862,
        "diff_max": 0.3579868127231171,
        "mass_mean": 2.505756201274331,
        "mass_max": 2.822722489365624
    },
    "K562": {
        "diff_mean": 0.01040029738963393,
        "diff_max": 0.5713950036660513,
        "mass_mean": 2.5352908571973383,
        "mass_max": 3.389319222845595
    },
    "MCF7": {
        "diff_mean": 0.021993347404946614,
        "diff_max": 1.4462193259248532,
        "mass_mean": 2.5350274224696263,
        "mass_max": 3.3085313881009024
    },
    "MP2": {
        "diff_mean": 0.0014562602396060336,
        "diff_max": 0.3936702481152774,
        "mass_mean": 2.5081196277559044,
        "mass_max": 2.8553016857034432
    },
    "PC3": {
        "diff_mean": -0.030598380211946784,
        "diff_max": 0.3247439257783471,
        "mass_mean": 2.4794017959997205,
        "mass_max": 3.055997591112063
    },
    "c17_Rep1": {
        "diff_mean": 0.0002628776991768435,
        "diff_max": 0.6047244564792043,
        "mass_mean": 2.515322349137037,
        "mass_max": 3.446789996896474
    },
    "c17_Rep2": {
        "diff_mean": 0.01445829083720199,
        "diff_max": 0.5793873000627539,
        "mass_mean": 2.5293323370659886,
        "mass_max": 3.321002493252193
    },
    "c1_Rep1": {
        "diff_mean": 0.003713295066016216,
        "diff_max": 0.6125873372156532,
        "mass_mean": 2.51045009676355,
        "mass_max": 3.005260488703191
    },
    "c1_Rep2": {
        "diff_mean": 0.009909004375501157,
        "diff_max": 0.419205846610402,
        "mass_mean": 2.51589950804757,
        "mass_max": 3.132022781816497
    },
    "c2_Rep1": {
        "diff_mean": -0.016439303025904864,
        "diff_max": 0.3515438319586934,
        "mass_mean": 2.48717053209861,
        "mass_max": 2.8494280302117527
    },
    "c2_Rep2": {
        "diff_mean": -0.021624592626156132,
        "diff_max": 0.3256977627497166,
        "mass_mean": 2.4832807236929657,
        "mass_max": 2.8788796783218413
    },
    "c4_Rep1": {
        "diff_mean": 0.0010575055327603172,
        "diff_max": 0.5414358995010562,
        "mass_mean": 2.5106231163662796,
        "mass_max": 3.289412332956564
    },
    "c4_Rep2": {
        "diff_mean": 0.0006376707392668897,
        "diff_max": 0.6030128499837137,
        "mass_mean": 2.509037695494235,
        "mass_max": 3.319082445815127
    },
    "c6_Rep1": {
        "diff_mean": 0.023368062268739623,
        "diff_max": 0.5601926713675809,
        "mass_mean": 2.5386216267098014,
        "mass_max": 3.366324348910313
    },
    "c6_Rep2": {
        "diff_mean": 0.02517012795523568,
        "diff_max": 0.6933657470172232,
        "mass_mean": 2.5394150162499574,
        "mass_max": 3.1451527824211003
    }
}