{
    "A549": {
        "diff_mean": -0.0018678007181733847,
        "diff_max": 0.19457273185253143,
        "mass_mean": 2.4859540462493896,
        "mass_max": 2.9800820350646973
    },
    "BxPC3": {
        "diff_mean": -0.019951345399022102,
        "diff_max": 0.161746084690094,
        "mass_mean": 2.4569480419158936,
        "mass_max": 2.991905927658081
    },
    "Colo320": {
        "diff_mean": -0.011644561775028706,
        "diff_max": 0.14062732458114624,
        "mass_mean": 2.470090627670288,
        "mass_max": 2.9508471488952637
    },
    "H23": {
        "diff_mean": 0.02616296336054802,
        "diff_max": 1.1192160844802856,
        "mass_mean": 2.5140488147735596,
        "mass_max": 2.8800787925720215
    },
    "K562": {
        "diff_mean": -0.004790293984115124,
        "diff_max": 0.14727170765399933,
        "mass_mean": 2.4840283393859863,
        "mass_max": 3.2344677448272705
    },
    "MCF7": {
        "diff_mean": 0.015974661335349083,
        "diff_max": 0.7609891295433044,
        "mass_mean": 2.4922003746032715,
        "mass_max": 2.706663131713867
    },
    "MP2": {
        "diff_mean": 0.00041421179776079953,
        "diff_max": 0.19137383997440338,
        "mass_mean": 2.486645460128784,
        "mass_max": 3.089914083480835
    },
    "PC3": {
        "diff_mean": -0.001604617340490222,
        "diff_max": 0.4201754927635193,
        "mass_mean": 2.485999345779419,
        "mass_max": 3.4878954887390137
    },
    "c10_Rep1": {
        "diff_mean": 0.01941845379769802,
        "diff_max": 0.41408324241638184,
        "mass_mean": 2.512401580810547,
        "mass_max": 3.117780923843384
    },
    "c13_Rep1": {
        "diff_mean": 0.00251467851921916,
        "diff_max": 0.32350924611091614,
        "mass_mean": 2.493320941925049,
        "mass_max": 2.918323040008545
    },
    "c13_Rep2": {
        "diff_mean": 0.0037544381339102983,
        "diff_max": 0.31087157130241394,
        "mass_mean": 2.493403911590576,
        "mass_max": 2.927910566329956
    },
    "c17_Rep1": {
        "diff_mean": 0.008156963624060154,
        "diff_max": 0.3864053189754486,
        "mass_mean": 2.4990427494049072,
        "mass_max": 3.513357162475586
    },
    "c17_Rep2": {
        "diff_mean": 0.00771161587908864,
        "diff_max": 0.39675259590148926,
        "mass_mean": 2.5010666847229004,
        "mass_max": 3.5121469497680664
    },
    "c1_Rep1": {
        "diff_mean": -0.10869155824184418,
        "diff_max": 0.37721124291419983,
        "mass_mean": 2.3615052700042725,
        "mass_max": 3.3277597427368164
    },
    "c2_Rep1": {
        "diff_mean": -0.010504353791475296,
        "diff_max": 0.42732688784599304,
        "mass_mean": 2.4760279655456543,
        "mass_max": 3.2848637104034424
    },
    "c2_Rep2": {
        "diff_mean": -0.005072420462965965,
        "diff_max": 0.23268988728523254,
        "mass_mean": 2.4830377101898193,
        "mass_max": 3.307882785797119
    },
    "c4_Rep1": {
        "diff_mean": 0.007798255421221256,
        "diff_max": 0.2906288802623749,
        "mass_mean": 2.5000576972961426,
        "mass_max": 3.3520941734313965
    },
    "c4_Rep2": {
        "diff_mean": 0.035956695675849915,
        "diff_max": 0.6302645802497864,
        "mass_mean": 2.5211470127105713,
        "mass_max": 3.52662992477417
    },
    "c6_Rep1": {
        "diff_mean": -0.0022082075010985136,
        "diff_max": 0.38410669565200806,
        "mass_mean": 2.4872686862945557,
        "mass_max": 3.489575147628784
    },
    "c6_Rep2": {
        "diff_mean": 0.006812626030296087,
        "diff_max": 0.3658599555492401,
        "mass_mean": 2.496687412261963,
        "mass_max": 3.4868874549865723
    }
}