{
    "A549": {
        "diff_mean": 0.007126182886522501,
        "diff_max": 0.6569764927232882,
        "mass_mean": 2.4837500913165433,
        "mass_max": 2.996141232769231
    },
    "Colo320": {
        "diff_mean": 0.0006698786068219187,
        "diff_max": 0.8237621614092583,
        "mass_mean": 2.490162101793607,
        "mass_max": 3.0569691464009057
    },
    "H23": {
        "diff_mean": 0.01507173271680496,
        "diff_max": 0.990509226008902,
        "mass_mean": 2.49436772699149,
        "mass_max": 3.5340436692380788
    },
    "H9-Rep1": {
        "diff_mean": 0.01652546657563373,
        "diff_max": 0.6316990851377695,
        "mass_mean": 2.4937144293703053,
        "mass_max": 3.0492698609310764
    },
    "H9-Rep2": {
        "diff_mean": 0.01578796247572564,
        "diff_max": 0.7852956042770403,
        "mass_mean": 2.4928553309633985,
        "mass_max": 2.979765115660714
    },
    "HCT116": {
        "diff_mean": 0.010816567945547488,
        "diff_max": 0.5007814911160535,
        "mass_mean": 2.4879031051099894,
        "mass_max": 2.822722489365624
    },
    "K562": {
        "diff_mean": -0.031553307707341646,
        "diff_max": 0.8023718026426296,
        "mass_mean": 2.4477334971594615,
        "mass_max": 3.389319222845595
    },
    "MCF7": {
        "diff_mean": -0.005797659063356049,
        "diff_max": 1.2031435140345987,
        "mass_mean": 2.4762616464215212,
        "mass_max": 3.3085313881009024
    },
    "MP2": {
        "diff_mean": 0.011491359168626768,
        "diff_max": 0.625421413823749,
        "mass_mean": 2.4882002667753103,
        "mass_max": 3.0105967512301786
    },
    "PC3": {
        "diff_mean": -0.01894979636025846,
        "diff_max": 0.6061504344145678,
        "mass_mean": 2.459055311113635,
        "mass_max": 3.14454892798151
    },
    "c17_Rep1": {
        "diff_mean": -0.0013853459559113204,
        "diff_max": 0.7606497769038301,
        "mass_mean": 2.4785090823404885,
        "mass_max": 3.446789996896474
    },
    "c17_Rep2": {
        "diff_mean": -0.007652159627123129,
        "diff_max": 0.9689450607652944,
        "mass_mean": 2.466549333111244,
        "mass_max": 3.534294956503841
    },
    "c1_Rep1": {
        "diff_mean": 0.0027090091207080864,
        "diff_max": 0.557831984131564,
        "mass_mean": 2.487166094957172,
        "mass_max": 3.156065609042594
    },
    "c1_Rep2": {
        "diff_mean": 0.004002841217662992,
        "diff_max": 0.4791407656081334,
        "mass_mean": 2.489065055126765,
        "mass_max": 3.132022781816497
    },
    "c2_Rep1": {
        "diff_mean": -0.007443029337590729,
        "diff_max": 0.4471048330736162,
        "mass_mean": 2.483566142317088,
        "mass_max": 2.9601979511795125
    },
    "c2_Rep2": {
        "diff_mean": -0.007895097760924239,
        "diff_max": 0.4331809665944943,
        "mass_mean": 2.482513822908504,
        "mass_max": 2.927125518099773
    },
    "c4_Rep1": {
        "diff_mean": -0.005075461865297443,
        "diff_max": 0.9571020842468378,
        "mass_mean": 2.477153230153437,
        "mass_max": 3.3956818128911204
    },
    "c4_Rep2": {
        "diff_mean": -0.001996234744294734,
        "diff_max": 1.063588938450902,
        "mass_mean": 2.480756287204426,
        "mass_max": 3.4283484608964523
    },
    "c6_Rep1": {
        "diff_mean": -0.0018585969126917628,
        "diff_max": 0.8581743907598187,
        "mass_mean": 2.4763537867279823,
        "mass_max": 3.366324348910313
    },
    "c6_Rep2": {
        "diff_mean": 0.0018631443626075809,
        "diff_max": 0.738105105977862,
        "mass_mean": 2.478910520050398,
        "mass_max": 3.20667985631882
    }
}